{
  "rf_naive": {
    "mean_acc": 0.9651136239240696,
    "mean_f1": 0.965148212857455
  },
  "rf_lpto": {
    "mean_acc": 0.9666398429454844,
    "mean_f1": 0.9667085956143342
  },
  "rf_lsbo": {
    "mean_acc": 0.8422447245746479,
    "mean_f1": 0.8303447985151072
  },
  "rf_lepo": {
    "mean_acc": 0.9498519593223199,
    "mean_f1": 0.9449216318419924
  },
  "logreg_lepo": {
    "mean_acc": 0.9268798419351055,
    "mean_f1": 0.9205432383868714
  },
  "rf_strict_holdout": {
    "acc": 0.9642857142857143,
    "f1": 0.9628482972136222
  },
  "n_features": 86,
  "n_samples": 7854,
  "class_distribution": {
    "30NM": 2818,
    "Loose": 2566,
    "Mix-45": 2470
  }
}