{
  "rf_naive": {
    "mean_acc": 0.995416121015054,
    "mean_f1": 0.995439010057909
  },
  "rf_lpto": {
    "mean_acc": 0.9949005133129235,
    "mean_f1": 0.9949787117881094
  },
  "rf_lsbo": {
    "mean_acc": 0.8297947614645418,
    "mean_f1": 0.8169797677198787
  },
  "rf_lepo": {
    "mean_acc": 0.9733806408550528,
    "mean_f1": 0.9680188900092436
  },
  "logreg_lepo": {
    "mean_acc": 0.9272009588814297,
    "mean_f1": 0.92080861173081
  },
  "rf_strict_holdout": {
    "acc": 0.75,
    "f1": 0.7333333333333333
  },
  "n_features": 86,
  "n_samples": 7854,
  "class_distribution": {
    "30NM": 2818,
    "Loose": 2566,
    "Mix-45": 2470
  }
}