{
  "rf_naive": {
    "mean_acc": 0.965872842156765,
    "mean_f1": 0.9659005407907696
  },
  "rf_lpto": {
    "mean_acc": 0.9668865241258355,
    "mean_f1": 0.9669176864114115
  },
  "rf_lsbo": {
    "mean_acc": 0.8425562172193765,
    "mean_f1": 0.8312831346593136
  },
  "rf_lepo": {
    "mean_acc": 0.9473619109920602,
    "mean_f1": 0.9421120504106585
  },
  "logreg_lepo": {
    "mean_acc": 0.92504898470639,
    "mean_f1": 0.9188126280194742
  },
  "rf_strict_holdout": {
    "acc": 1.0,
    "f1": 1.0
  },
  "n_features": 86,
  "n_samples": 7882,
  "class_distribution": {
    "30NM": 2819,
    "Loose": 2578,
    "Mix-45": 2485
  }
}